Stop,Business Name,Location,City,Notes,Date,Facility Type,Follow-up Needed,Lead,Client
1,,1630 E Cheyenne Mountain Blvd,Colorado Springs,Cookie stop,2025-03-06 00:00:00,,,,
2,Colorado Springs Orthopaedic Group,1259 Lake Plaza Dr Unit 100,Colorado Springs,,2025-03-06 00:00:00,,,,
3,Summit Home Health Care,1160 Lake Plaza Dr Ste 255,Colorado Springs,,2025-03-06 00:00:00,,,,
4,Pikes Peak Hospice & Palliative Care,2550 Tenderfoot Hill St,Colorado Springs,,2025-03-06 00:00:00,,,,
5,Mountain View Post Acute,835 Tenderfoot Hill Rd,Colorado Springs,,2025-03-06 00:00:00,,,,
6,Professional Home Health Care,1140 S Eighth St,Colorado Springs,,2025-03-06 00:00:00,,,,
7,The Independence Center,729 S Tejon St,Colorado Springs,Super grateful and excited to read about / reach out for our services,2025-03-06 00:00:00,,,,
8,American Legion Post 5,15 E Platte Ave,Colorado Springs,No answer again.,2025-03-06 00:00:00,,,,
9,UCHealth Memorial Hospital Central,1400 E Boulder St,Colorado Springs,,2025-03-06 00:00:00,,,,
10,Life Care Center of Colorado Springs,2490 International Cir,Colorado Springs,Natasha at front desk was super helpful with connecting me with the case managers,2025-03-06 00:00:00,,,,
11,Advanced Health Care of Colorado Springs,55 S Parkside Dr,Colorado Springs,A bit busy again but was able to leave a good impression still,2025-03-06 00:00:00,,,,
12,Flagship Health,3210 N Academy Blvd Ste 1,Colorado Springs,Elka at the front desk was super interested...,2025-03-06 00:00:00,,,,
13,,1625 S Murray Blvd,Colorado Springs,Great opportunity to network more! 1200-1400 attendees he said,2025-03-06 00:00:00,,,,
14,Fountain Valley Senior Center,5725 Southmoor Dr,Fountain,"Not interested at all, quite rude...",2025-03-06 00:00:00,,,,
15,American Legion Post 38,6685 Southmoor Dr,Fountain,,2025-03-06 00:00:00,,,,
16,UCHealth Endocrinology Clinic - Grandview,5818 N Nevada Ave Ste 225,Colorado Springs,,2025-03-07 00:00:00,,,,
17,Maxim Healthcare Services,7150 Campus Dr Ste 160,Colorado Springs,Was in meeting again but definitely interested in connecting more,2025-03-07 00:00:00,,,,
18,,5225 N Academy Blvd #106,Colorado Springs,Passed on to supervisor. They don't let ya in the door,2025-03-07 00:00:00,,,,
19,Benefit Health Care,5426 N Academy Blvd Ste 200,Colorado Springs,Potential other client in same building,2025-03-07 00:00:00,,,,
20,,5373 N Union Blvd,Colorado Springs,"Closed in co springs, removing off route",2025-03-07 00:00:00,,,,
21,Gentiva Hospice,6270 Lehman Dr #150,Colorado Springs,Was able to meet patient manager and told her we would be in touch,2025-03-07 00:00:00,,,,
22,Better Healthcare,6208 Lehman Dr Unit 201,Colorado Springs,,2025-03-07 00:00:00,,,,
23,Bristol Hospice,7660 Goddard St #100,Colorado Springs,,2025-03-07 00:00:00,,,,
24,,1155 Kelly Johnson Blvd Ste 205,Colorado Springs,No longer at this location. Removing from route,2025-03-07 00:00:00,,,,
25,Corporate Pointe Medical Center,1975 Research Pkwy #300,Colorado Springs,,2025-03-07 00:00:00,,,,
26,Colorado Springs Orthopaedic Group,4110 Briargate Pkwy,Colorado Springs,Ortho group sent me to their surgery floor and said we'd have better luck connecting with someone who does more of that stuff,2025-03-07 00:00:00,,,,
27,UCHealth Memorial Hospital North,4050 Briargate Pkwy,Colorado Springs,,2025-03-07 00:00:00,,,,
28,The Center at Cordera,9208 Grand Cordera Pkwy,Colorado Springs,Got to meet admissions coordinator Brenna and she said she will pass it onto case managers. They may be interested in the respite care,2025-03-07 00:00:00,,,,
29,Penrose St. Francis Hospital,6001 E Woodmen Rd,Colorado Springs,Lead case manager Gail Abeyta,2025-03-07 00:00:00,,,,
30,Voyager Home Health Care,2233 Academy Pl Ste 105,Colorado Springs,,2025-03-18 00:00:00,,,,
31,CenterCare Home Health,1155 Kelly Johnson Blvd Ste 205,Colorado Springs,,2025-03-18 00:00:00,,,,
32,CenterCare Home Health,1155 Kelly Johnson Blvd Ste 205,Colorado Springs,Leslie is who spoke with Jason,2025-03-18 00:00:00,,,,
33,Gentiva Hospice,6270 Lehman Dr #150,Colorado Springs,,2025-03-18 00:00:00,,,,
34,Better Healthcare,6208 Lehman Dr Unit 201,Colorado Springs,,2025-03-18 00:00:00,,,,
35,,5426 N Academy Blvd #200,Colorado Springs,,2025-03-18 00:00:00,,,,
36,Peak Vista Community Health Centers,3225 Austin Bluffs Pkwy Ste 200,Colorado Springs,3204 in same building as mountain ridge now,2025-03-18 00:00:00,,,,
37,American Legion Post 209,3613 Jeannine Dr,Colorado Springs,,2025-03-18 00:00:00,,,,
38,Mountain Ridge Hospice,3204 N Academy Blvd Unit 110,Colorado Springs,,2025-03-18 00:00:00,,,,
39,,5850 Championship View,Colorado Springs,,2025-03-18 00:00:00,,,,
40,Penrose St. Francis Hospital,6001 E Woodmen Rd,Colorado Springs,Tracy is who we want to speak with here,2025-03-18 00:00:00,,,,
41,The Center at Cordera,9208 Grand Cordera Pkwy,Colorado Springs,,2025-03-18 00:00:00,,,,
42,Colorado Springs Orthopaedic Group,4110 Briargate Pkwy,Colorado Springs,,2025-03-18 00:00:00,,,,
43,UCHealth Memorial Hospital North,4050 Briargate Pkwy,Colorado Springs,,2025-03-18 00:00:00,,,,
44,Corporate Pointe Medical Center,1975 Research Pkwy #300,Colorado Springs,,2025-03-18 00:00:00,,,,
45,Bristol Hospice,7660 Goddard St #100,Colorado Springs,,2025-03-18 00:00:00,,,,
46,Maxim Healthcare Services,7150 Campus Dr Ste 160,Colorado Springs,,2025-03-18 00:00:00,,,,
47,,5623 Pulpit Peak View,Colorado Springs,,2025-03-18 00:00:00,,,,
48,FirstLight Home Care,910 Pinon Ranch View Ste 211,Colorado Springs,Recommended us to one of their clients last week.,2025-03-18 00:00:00,,,,
49,Optimal Home Care,1115 Elkton Dr,Colorado Springs,,2025-03-18 00:00:00,,,,
50,,4775 Centennial Blvd Unit 160,Colorado Springs,,2025-03-18 00:00:00,,,,
51,,3810 Bloomington St,Colorado Springs,,2025-03-18 00:00:00,,,,
52,,3830 Bloomington St,Colorado Springs,,2025-03-20 00:00:00,,,,
53,Flagship Health,3210 N Academy Blvd Ste 1,Colorado Springs,Multiple questions for Jason please email,2025-03-20 00:00:00,,,,
54,,3027 N Circle Dr,Colorado Springs,St. Francis primary and urgent care - common spirit,2025-03-20 00:00:00,,,,
55,Humana Neighborhood Center,1120 N Circle Dr Ste 7,Colorado Springs,Moved. Delete,2025-03-20 00:00:00,,,,
56,Life Care Center of Colorado Springs,2490 International Cir,Colorado Springs,Come back in the mornings before lunch and meetings,2025-03-20 00:00:00,,,,
57,Advanced Health Care of Colorado Springs,55 S Parkside Dr,Colorado Springs,Spoke with Ryan the administrative facilitator,2025-03-20 00:00:00,,,,
58,InnovAge Colorado PACE – Central,1414 N Hancock Ave,Colorado Springs,,2025-03-20 00:00:00,,,,
59,Envida,1514 N Hancock Ave,Colorado Springs,,2025-03-20 00:00:00,,,,
60,Silver Key Senior Services,207 N Nevada Ave,Colorado Springs,At the YMCA for now until building reconstruction is done,2025-03-20 00:00:00,,,,
61,UCHealth – Memorial Administrative Offices,2222 N Nevada Ave,Colorado Springs,Speak with Sheila; they're moving back after Labor Day,2025-03-20 00:00:00,,,,
62,Westside Cares,110 W Van Buren St,Colorado Springs,,2025-03-20 00:00:00,,,,
63,,,,,2025-03-20 00:00:00,,,,
64,,3490 Centennial Blvd,Colorado Springs,Come back mid morning on Mondays. Avoid Tues/Thurs 2-3pm,2025-03-20 00:00:00,,,,
65,PFC Floyd K Lindstrom VA Outpatient Clinic,3141 Centennial Blvd,Colorado Springs,,2025-03-20 00:00:00,,,,
66,Professional Home Health Care,1140 S Eighth St,Colorado Springs,,2025-03-20 00:00:00,,,,
67,The Independence Center,729 S Tejon St,Colorado Springs,Cameron and Tyler are the referral specialists,2025-03-20 00:00:00,,,,
68,UCHealth Memorial Hospital Central,1400 E Boulder St,Colorado Springs,Dr. Nimptsch-Kossek floats to other locations,2025-03-20 00:00:00,,,,
69,Pikes Peak Hospice & Palliative Care,2550 Tenderfoot Hill St,Colorado Springs,Daniel Smead is the director to talk to,2025-03-20 00:00:00,,,,
70,Mountain View Post Acute,835 Tenderfoot Hill Rd,Colorado Springs,Larissa is at front desk,2025-03-20 00:00:00,,,,
71,Summit Home Health Care,1160 Lake Plaza Dr Ste 255,Colorado Springs,,2025-03-20 00:00:00,,,,
72,Colorado Springs Orthopaedic Group,1259 Lake Plaza Dr Unit 100,Colorado Springs,,2025-03-20 00:00:00,,,,
73,Fountain Valley Senior Center,5725 Southmoor Dr,Fountain,,2025-03-20 00:00:00,,,,
74,American Legion Post 38,6685 Southmoor Dr,Fountain,,2025-03-20 00:00:00,,,,
75,,1605 S Murray Blvd,Colorado Springs,,2025-03-26 00:00:00,,,,
76,Life Care Center of Colorado Springs,2490 International Cir,Colorado Springs,,2025-03-26 00:00:00,,,,
77,Advanced Health Care of Colorado Springs,55 S Parkside Dr,Colorado Springs,,2025-03-26 00:00:00,,,,
78,UCHealth Memorial Hospital Central,1400 E Boulder St,Colorado Springs,,2025-03-26 00:00:00,,,,
79,Silver Key Senior Services,207 N Nevada Ave,Colorado Springs,,2025-03-26 00:00:00,,,,
80,InnovAge Colorado PACE – Central,1414 N Hancock Ave,Colorado Springs,,2025-03-26 00:00:00,,,,
81,,175 S Union Blvd,Colorado Springs,Still can't find Dr. Nimptsch Kossek,2025-03-26 00:00:00,,,,
82,Humana Neighborhood Center,1120 N Circle Dr Ste 7,Colorado Springs,Delete!,2025-03-26 00:00:00,,,,
83,Flagship Health,3210 N Academy Blvd Ste 1,Colorado Springs,,2025-03-26 00:00:00,,,,
84,,3027 N Circle Dr,Colorado Springs,Common spirit primary care,2025-03-26 00:00:00,,,,
85,UCHealth – Memorial Administrative Offices,2222 N Nevada Ave,Colorado Springs,Orthopedics 10th floor,2025-03-26 00:00:00,,,,
86,Westside Cares,110 W Van Buren St,Colorado Springs,,2025-03-26 00:00:00,,,,
87,,3490 Centennial Blvd,Colorado Springs,,2025-03-26 00:00:00,,,,
88,The Independence Center,729 S Tejon St,Colorado Springs,Closes at 4:30 Mon–Thu,2025-03-26 00:00:00,,,,
89,Pikes Peak Hospice & Palliative Care,2550 Tenderfoot Hill St,Colorado Springs,,2025-03-26 00:00:00,,,,
90,Mountain View Post Acute,835 Tenderfoot Hill Rd,Colorado Springs,,2025-03-26 00:00:00,,,,
91,Summit Home Health Care,1160 Lake Plaza Dr Ste 255,Colorado Springs,,2025-03-26 00:00:00,,,,
92,Colorado Springs Orthopaedic Group,1259 Lake Plaza Dr Unit 100,Colorado Springs,,2025-03-26 00:00:00,,,,
93,American Legion Post 38,6685 Southmoor Dr,Fountain,,2025-03-26 00:00:00,,,,
94,,2910 S Academy Blvd,Colorado Springs,,2025-03-27 00:00:00,,,,
95,Fountain Valley Senior Center,5725 Southmoor Dr,Fountain,,2025-03-27 00:00:00,,,,
96,PFC Floyd K Lindstrom VA Outpatient Clinic,3141 Centennial Blvd,Colorado Springs,,2025-03-27 00:00:00,,,,
97,Voyager Home Health Care,2233 Academy Pl Ste 105,Colorado Springs,,2025-03-27 00:00:00,,,,
98,Peak Vista Community Health Centers,3225 Austin Bluffs Pkwy Ste 200,Colorado Springs,3204 in same building as mountain ridge now,2025-03-27 00:00:00,,,,
99,American Legion Post 209,3613 Jeannine Dr,Colorado Springs,,2025-03-27 00:00:00,,,,
100,,5850 Championship View,Colorado Springs,,2025-03-27 00:00:00,,,,
101,Penrose St. Francis Hospital,6001 E Woodmen Rd,Colorado Springs,,2025-03-27 00:00:00,,,,
102,Flagship Health,3210 N Academy Blvd Ste 1,Colorado Springs,,2025-03-27 00:00:00,,,,
103,The Center at Cordera,9208 Grand Cordera Pkwy,Colorado Springs,,2025-03-27 00:00:00,,,,
104,Colorado Springs Orthopaedic Group,4110 Briargate Pkwy,Colorado Springs,,2025-03-27 00:00:00,,,,
105,UCHealth Memorial Hospital North,4050 Briargate Pkwy,Colorado Springs,,2025-03-27 00:00:00,,,,
106,Corporate Pointe Medical Center,1975 Research Pkwy #300,Colorado Springs,,2025-03-27 00:00:00,,,,
107,CenterCare Home Health,1155 Kelly Johnson Blvd Ste 205,Colorado Springs,Leslie is who spoke with Jason,2025-03-27 00:00:00,,,,
108,CenterCare Home Health,1155 Kelly Johnson Blvd Ste 205,Colorado Springs,,2025-03-27 00:00:00,,,,
109,Flagship Health,3210 N Academy Blvd Ste 1,Colorado Springs,,2025-03-31 00:00:00,,,,
110,,3027 N Circle Dr,Colorado Springs,,2025-03-31 00:00:00,,,,
111,Life Care Center of Colorado Springs,2490 International Cir,Colorado Springs,,2025-03-31 00:00:00,,,,
112,Advanced Health Care of Colorado Springs,55 S Parkside Dr,Colorado Springs,,2025-03-31 00:00:00,,,,
113,UCHealth Memorial Hospital Central,1400 E Boulder St,Colorado Springs,,2025-03-31 00:00:00,,,,
114,InnovAge Colorado PACE – Central,1414 N Hancock Ave,Colorado Springs,,2025-03-31 00:00:00,,,,
115,Silver Key Senior Services,207 N Nevada Ave,Colorado Springs,,2025-03-31 00:00:00,,,,
116,UCHealth – Memorial Administrative Offices,2222 N Nevada Ave,Colorado Springs,,2025-03-31 00:00:00,,,,
117,Westside Cares,110 W Van Buren St,Colorado Springs,,2025-03-31 00:00:00,,,,
118,,3490 Centennial Blvd,Colorado Springs,,2025-03-31 00:00:00,,,,
119,PFC Floyd K Lindstrom VA Outpatient Clinic,3141 Centennial Blvd,Colorado Springs,,2025-03-31 00:00:00,,,,
120,Professional Home Health Care,1140 S Eighth St,Colorado Springs,,2025-03-31 00:00:00,,,,
121,The Independence Center,729 S Tejon St,Colorado Springs,,2025-03-31 00:00:00,,,,
122,UCHealth Memorial Hospital Central,1400 E Boulder St,Colorado Springs,,2025-03-31 00:00:00,,,,
123,Pikes Peak Hospice & Palliative Care,2550 Tenderfoot Hill St,Colorado Springs,,2025-03-31 00:00:00,,,,
124,Mountain View Post Acute,835 Tenderfoot Hill Rd,Colorado Springs,,2025-03-31 00:00:00,,,,
125,Summit Home Health Care,1160 Lake Plaza Dr Ste 255,Colorado Springs,,2025-03-31 00:00:00,,,,
126,Colorado Springs Orthopaedic Group,1259 Lake Plaza Dr Unit 100,Colorado Springs,,2025-03-31 00:00:00,,,,
127,Fountain Valley Senior Center,5725 Southmoor Dr,Fountain,,2025-03-31 00:00:00,,,,
128,,1605 S Murray Blvd,Colorado Springs,,2025-03-31 00:00:00,,,,
129,American Legion Post 38,6685 Southmoor Dr,Fountain,,2025-03-31 00:00:00,,,,
130,,2715 Monica Dr W,Colorado Springs,,2025-03-31 00:00:00,,,,
131,VA Community Living Center,2150 Southgate Rd,Colorado Springs,,2025-04-03 00:00:00,,,,
132,PFC Floyd K Lindstrom VA Outpatient Clinic,3141 Centennial Blvd,Colorado Springs,,2025-04-03 00:00:00,,,,
133,Voyager Home Health Care,2233 Academy Pl Ste 105,Colorado Springs,,2025-04-03 00:00:00,,,,
134,American Legion Post 209,3613 Jeannine Dr,Colorado Springs,,2025-04-03 00:00:00,,,,
135,,5850 Championship View,Colorado Springs,,2025-04-03 00:00:00,,,,
136,Penrose St. Francis Hospital,6001 E Woodmen Rd,Colorado Springs,,2025-04-03 00:00:00,,,,
137,The Center at Cordera,9208 Grand Cordera Pkwy,Colorado Springs,,2025-04-03 00:00:00,,,,
138,Colorado Springs Orthopaedic Group,4110 Briargate Pkwy,Colorado Springs,,2025-04-03 00:00:00,,,,
139,UCHealth Memorial Hospital North,4050 Briargate Pkwy,Colorado Springs,,2025-04-03 00:00:00,,,,
140,Corporate Pointe Medical Center,1975 Research Pkwy #300,Colorado Springs,,2025-04-03 00:00:00,,,,
141,CenterCare Home Health,1155 Kelly Johnson Blvd Ste 205,Colorado Springs,Leslie is who spoke with Jason,2025-04-03 00:00:00,,,,
142,Bristol Hospice,7660 Goddard St #100,Colorado Springs,,2025-04-03 00:00:00,,,,
143,,5426 N Academy Blvd #200,Colorado Springs,,2025-04-03 00:00:00,,,,
144,Gentiva Hospice,6270 Lehman Dr #150,Colorado Springs,,2025-04-03 00:00:00,,,,
145,Better Healthcare,6208 Lehman Dr Unit 201,Colorado Springs,,2025-04-03 00:00:00,,,,
146,Maxim Healthcare Services,7150 Campus Dr Ste 160,Colorado Springs,,2025-04-03 00:00:00,,,,
147,,5623 Pulpit Peak View,Colorado Springs,,2025-04-03 00:00:00,,,,
148,FirstLight Home Care,910 Pinon Ranch View Ste 211,Colorado Springs,,2025-04-03 00:00:00,,,,
149,Optimal Home Care,1115 Elkton Dr,Colorado Springs,,2025-04-03 00:00:00,,,,
150,The Independence Center,729 S Tejon St,Colorado Springs,,2025-04-03 00:00:00,,,,
151,Mountain Ridge Hospice & Complete Home Health Care,3204 N Academy Blvd,Colorado Springs,,2025-04-03 00:00:00,,,,
152,VA Community Living Center,2150 Southgate Rd,Colorado Springs,,2025-04-07 00:00:00,,,,
153,PFC Floyd K Lindstrom VA Outpatient Clinic,3141 Centennial Blvd,Colorado Springs,,2025-04-07 00:00:00,,,,
154,Voyager Home Health Care,2233 Academy Pl Ste 105,Colorado Springs,,2025-04-07 00:00:00,,,,
155,American Legion Post 209,3613 Jeannine Dr,Colorado Springs,,2025-04-07 00:00:00,,,,
156,,5850 Championship View,Colorado Springs,,2025-04-07 00:00:00,,,,
157,Penrose St. Francis Hospital,6001 E Woodmen Rd,Colorado Springs,,2025-04-07 00:00:00,,,,
158,The Center at Cordera,9208 Grand Cordera Pkwy,Colorado Springs,,2025-04-07 00:00:00,,,,
159,Colorado Springs Orthopaedic Group,4110 Briargate Pkwy,Colorado Springs,,2025-04-07 00:00:00,,,,
160,UCHealth Memorial Hospital North,4050 Briargate Pkwy,Colorado Springs,,2025-04-07 00:00:00,,,,
161,Corporate Pointe Medical Center,1975 Research Pkwy #300,Colorado Springs,,2025-04-07 00:00:00,,,,
162,CenterCare Home Health,1155 Kelly Johnson Blvd Ste 205,Colorado Springs,Leslie is who spoke with Jason,2025-04-07 00:00:00,,,,
163,,8045 N Academy Blvd,Colorado Springs,,2025-04-07 00:00:00,,,,
164,Bristol Hospice,7660 Goddard St #100,Colorado Springs,,2025-04-07 00:00:00,,,,
165,Maxim Healthcare Services,7150 Campus Dr Ste 160,Colorado Springs,,2025-04-07 00:00:00,,,,
166,Gentiva Hospice,6270 Lehman Dr #150,Colorado Springs,,2025-04-07 00:00:00,,,,
167,Better Healthcare,6208 Lehman Dr Unit 201,Colorado Springs,,2025-04-07 00:00:00,,,,
168,,5426 N Academy Blvd #200,Colorado Springs,,2025-04-07 00:00:00,,,,
169,,5225 N Academy Blvd #106,Colorado Springs,,2025-04-07 00:00:00,,,,
170,Mountain Ridge Hospice & Complete Home Health Care,3204 N Academy Blvd,Colorado Springs,,2025-04-07 00:00:00,,,,
171,UCHealth Endocrinology Clinic - Grandview,5818 N Nevada Ave Ste 225,Colorado Springs,,2025-04-07 00:00:00,,,,
172,,5623 Pulpit Peak View,Colorado Springs,,2025-04-07 00:00:00,,,,
173,FirstLight Home Care,910 Pinon Ranch View Ste 211,Colorado Springs,,2025-04-07 00:00:00,,,,
174,Optimal Home Care,1115 Elkton Dr,Colorado Springs,,2025-04-07 00:00:00,,,,
175,,4775 Centennial Blvd Unit 160,Colorado Springs,,2025-04-07 00:00:00,,,,
176,The Independence Center,729 S Tejon St,Colorado Springs,,2025-04-07 00:00:00,,,,
177,Advanced Health Care of Colorado Springs,55 S Parkside Dr,Colorado Springs,,2025-04-07 00:00:00,,,,
178,Life Care Center of Colorado Springs,2490 International Cir,Colorado Springs,,2025-04-07 00:00:00,,,,
179,,325 S Parkside Dr,Colorado Springs,,2025-04-07 00:00:00,,,,
180,VA Community Living Center,2150 Southgate Rd,Colorado Springs,,2025-04-09 00:00:00,,,,
181,,1877 S Nevada Ave,Colorado Springs,,2025-04-09 00:00:00,,,,
182,,3027 N Circle Dr,Colorado Springs,,2025-04-09 00:00:00,,,,
183,UCHealth Memorial Hospital Central,1400 E Boulder St,Colorado Springs,,2025-04-09 00:00:00,,,,
184,Silver Key Senior Services,207 N Nevada Ave,Colorado Springs,,2025-04-09 00:00:00,,,,
185,UCHealth – Memorial Administrative Offices,2222 N Nevada Ave,Colorado Springs,,2025-04-09 00:00:00,,,,
186,Westside Cares,110 W Van Buren St,Colorado Springs,,2025-04-09 00:00:00,,,,
187,,3490 Centennial Blvd,Colorado Springs,,2025-04-09 00:00:00,,,,
188,PFC Floyd K Lindstrom VA Outpatient Clinic,3141 Centennial Blvd,Colorado Springs,,2025-04-09 00:00:00,,,,
189,Professional Home Health Care,1140 S Eighth St,Colorado Springs,,2025-04-09 00:00:00,,,,
190,The Independence Center,729 S Tejon St,Colorado Springs,,2025-04-09 00:00:00,,,,
191,Pikes Peak Hospice & Palliative Care,2550 Tenderfoot Hill St,Colorado Springs,,2025-04-09 00:00:00,,,,
192,Mountain View Post Acute,835 Tenderfoot Hill Rd,Colorado Springs,,2025-04-09 00:00:00,,,,
193,Summit Home Health Care,1160 Lake Plaza Dr Ste 255,Colorado Springs,,2025-04-09 00:00:00,,,,
194,Colorado Springs Orthopaedic Group,1259 Lake Plaza Dr Unit 100,Colorado Springs,,2025-04-09 00:00:00,,,,
195,Fountain Valley Senior Center,5725 Southmoor Dr,Fountain,,2025-04-09 00:00:00,,,,
196,American Legion Post 38,6685 Southmoor Dr,Fountain,,2025-04-09 00:00:00,,,,
197,,1605 S Murray Blvd,Colorado Springs,,2025-04-09 00:00:00,,,,
198,,6346 S US Highway 85-87,Fountain,,2025-04-09 00:00:00,,,,
199,,5673 N Academy Blvd,Colorado Springs,,2025-04-17 00:00:00,,,,
200,Mountain Ridge Hospice & Complete Home Health Care,3204 N Academy Blvd,Colorado Springs,,2025-04-17 00:00:00,,,,
201,PFC Floyd K Lindstrom VA Outpatient Clinic,3141 Centennial Blvd,Colorado Springs,,2025-04-17 00:00:00,,,,
202,The Center at Cordera,9208 Grand Cordera Pkwy,Colorado Springs,,2025-04-17 00:00:00,,,,
203,,4775 Centennial Blvd Unit 160,Colorado Springs,,2025-04-17 00:00:00,,,,
204,Optimal Home Care,1115 Elkton Dr,Colorado Springs,,2025-04-17 00:00:00,,,,
205,FirstLight Home Care,910 Pinon Ranch View Ste 211,Colorado Springs,,2025-04-17 00:00:00,,,,
206,,5623 Pulpit Peak View,Colorado Springs,,2025-04-17 00:00:00,,,,
207,Gentiva Hospice,6270 Lehman Dr #150,Colorado Springs,,2025-04-17 00:00:00,,,,
208,,5426 N Academy Blvd #200,Colorado Springs,,2025-04-17 00:00:00,,,,
209,,5426 N Academy Blvd Unit 110,Colorado Springs,,2025-04-17 00:00:00,,,,
210,Better Healthcare,6208 Lehman Dr Unit 201,Colorado Springs,,2025-04-17 00:00:00,,,,
211,Bristol Hospice,7660 Goddard St #100,Colorado Springs,,2025-04-17 00:00:00,,,,
212,CenterCare Home Health,1155 Kelly Johnson Blvd Ste 205,Colorado Springs,Leslie is who spoke with Jason,2025-04-17 00:00:00,,,,
213,Corporate Pointe Medical Center,1975 Research Pkwy #300,Colorado Springs,,2025-04-17 00:00:00,,,,
214,Colorado Springs Orthopaedic Group,4110 Briargate Pkwy,Colorado Springs,,2025-04-17 00:00:00,,,,
215,UCHealth Memorial Hospital North,4050 Briargate Pkwy,Colorado Springs,,2025-04-17 00:00:00,,,,
216,Penrose St. Francis Hospital,6001 E Woodmen Rd,Colorado Springs,,2025-04-17 00:00:00,,,,
217,,5850 Championship View,Colorado Springs,,2025-04-17 00:00:00,,,,
218,American Legion Post 209,3613 Jeannine Dr,Colorado Springs,,2025-04-17 00:00:00,,,,
219,Voyager Home Health Care,2233 Academy Pl Ste 105,Colorado Springs,,2025-04-17 00:00:00,,,,
220,The Independence Center,729 S Tejon St,Colorado Springs,,2025-04-17 00:00:00,,,,
221,Flagship Health,3210 N Academy Blvd Ste 1,Colorado Springs,,2025-04-14 00:00:00,,,,
222,,3027 N Circle Dr,Colorado Springs,,2025-04-14 00:00:00,,,,
223,Life Care Center of Colorado Springs,2490 International Cir,Colorado Springs,,2025-04-14 00:00:00,,,,
224,Advanced Health Care of Colorado Springs,55 S Parkside Dr,Colorado Springs,,2025-04-14 00:00:00,,,,
225,UCHealth Memorial Hospital Central,1400 E Boulder St,Colorado Springs,,2025-04-14 00:00:00,,,,
226,InnovAge Colorado PACE – Central,1414 N Hancock Ave,Colorado Springs,,2025-04-14 00:00:00,,,,
227,Silver Key Senior Services,207 N Nevada Ave,Colorado Springs,,2025-04-14 00:00:00,,,,
228,UCHealth – Memorial Administrative Offices,2222 N Nevada Ave,Colorado Springs,,2025-04-14 00:00:00,,,,
229,Westside Cares,110 W Van Buren St,Colorado Springs,,2025-04-14 00:00:00,,,,
230,,3490 Centennial Blvd,Colorado Springs,,2025-04-14 00:00:00,,,,
231,PFC Floyd K Lindstrom VA Outpatient Clinic,3141 Centennial Blvd,Colorado Springs,,2025-04-14 00:00:00,,,,
232,Professional Home Health Care,1140 S Eighth St,Colorado Springs,,2025-04-14 00:00:00,,,,
233,The Independence Center,729 S Tejon St,Colorado Springs,,2025-04-14 00:00:00,,,,
234,Pikes Peak Hospice & Palliative Care,2550 Tenderfoot Hill St,Colorado Springs,,2025-04-14 00:00:00,,,,
235,Mountain View Post Acute,835 Tenderfoot Hill Rd,Colorado Springs,,2025-04-14 00:00:00,,,,
236,Summit Home Health Care,1160 Lake Plaza Dr Ste 255,Colorado Springs,,2025-04-14 00:00:00,,,,
237,Colorado Springs Orthopaedic Group,1259 Lake Plaza Dr Unit 100,Colorado Springs,,2025-04-14 00:00:00,,,,
238,Fountain Valley Senior Center,5725 Southmoor Dr,Fountain,,2025-04-14 00:00:00,,,,
239,American Legion Post 38,6685 Southmoor Dr,Fountain,,2025-04-14 00:00:00,,,,
240,Voyager Home Health Care,2233 Academy Pl Ste 105,Colorado Springs,,2025-05-01 00:00:00,,,,
241,CenterCare Home Health,1155 Kelly Johnson Blvd Ste 205,Colorado Springs,Leslie is who spoke with Jason,2025-05-01 00:00:00,,,,
242,Gentiva Hospice,6270 Lehman Dr #150,Colorado Springs,,2025-05-01 00:00:00,,,,
243,Better Healthcare,6208 Lehman Dr Unit 201,Colorado Springs,,2025-05-01 00:00:00,,,,
244,,5426 N Academy Blvd #200,Colorado Springs,,2025-05-01 00:00:00,,,,
245,Peak Vista Community Health Centers,3225 Austin Bluffs Pkwy Ste 200,Colorado Springs,3204 in same building as mountain ridge now,2025-05-01 00:00:00,,,,
246,American Legion Post 209,3613 Jeannine Dr,Colorado Springs,,2025-05-01 00:00:00,,,,
247,Mountain Ridge Hospice,3204 N Academy Blvd Unit 110,Colorado Springs,,2025-05-01 00:00:00,,,,
248,,5850 Championship View,Colorado Springs,,2025-05-01 00:00:00,,,,
249,Penrose St. Francis Hospital,6001 E Woodmen Rd,Colorado Springs,,2025-05-01 00:00:00,,,,
250,The Center at Cordera,9208 Grand Cordera Pkwy,Colorado Springs,,2025-05-01 00:00:00,,,,
251,Colorado Springs Orthopaedic Group,4110 Briargate Pkwy,Colorado Springs,,2025-05-01 00:00:00,,,,
252,UCHealth Memorial Hospital North,4050 Briargate Pkwy,Colorado Springs,,2025-05-01 00:00:00,,,,
253,Corporate Pointe Medical Center,1975 Research Pkwy #300,Colorado Springs,,2025-05-01 00:00:00,,,,
254,Bristol Hospice,7660 Goddard St #100,Colorado Springs,,2025-05-01 00:00:00,,,,
255,,5623 Pulpit Peak View,Colorado Springs,,2025-05-01 00:00:00,,,,
256,FirstLight Home Care,910 Pinon Ranch View Ste 211,Colorado Springs,,2025-05-01 00:00:00,,,,
257,Optimal Home Care,1115 Elkton Dr,Colorado Springs,,2025-05-01 00:00:00,,,,
258,,4775 Centennial Blvd Unit 160,Colorado Springs,,2025-05-01 00:00:00,,,,
259,,3490 Centennial Blvd,Colorado Springs,,2025-05-01 00:00:00,,,,
260,Westside Cares,110 W Van Buren St,Colorado Springs,,2025-05-01 00:00:00,,,,
261,UCHealth – Memorial Administrative Offices,2222 N Nevada Ave,Colorado Springs,,2025-05-01 00:00:00,,,,
262,InnovAge Colorado PACE – Central,1414 N Hancock Ave,Colorado Springs,,2025-05-01 00:00:00,,,,
263,Envida,1514 N Hancock Ave,Colorado Springs,,2025-05-01 00:00:00,,,,
264,Humana Neighborhood Center,1120 N Circle Dr Ste 7,Colorado Springs,,2025-05-01 00:00:00,,,,
265,Maxim Healthcare Services,7150 Campus Dr Ste 160,Colorado Springs,Skipped,2025-05-01 00:00:00,,,,
266,Flagship Health,3210 N Academy Blvd Ste 1,Colorado Springs,Cookie stop,2025-05-02 00:00:00,,,,
267,,3027 N Circle Dr,Colorado Springs,Cookie stop,2025-05-02 00:00:00,,,,
268,Life Care Center of Colorado Springs,2490 International Cir,Colorado Springs,Cookie stop,2025-05-02 00:00:00,,,,
269,UCHealth Memorial Hospital Central,1400 E Boulder St,Colorado Springs,Cookie stop,2025-05-02 00:00:00,,,,
270,InnovAge Colorado PACE – Central,1414 N Hancock Ave,Colorado Springs,Cookie stop,2025-05-02 00:00:00,,,,
271,Silver Key Senior Services,207 N Nevada Ave,Colorado Springs,Cookie stop,2025-05-02 00:00:00,,,,
272,UCHealth – Memorial Administrative Offices,2222 N Nevada Ave,Colorado Springs,Cookie stop,2025-05-02 00:00:00,,,,
273,Westside Cares,110 W Van Buren St,Colorado Springs,Cookie stop,2025-05-02 00:00:00,,,,
274,,3490 Centennial Blvd,Colorado Springs,Cookie stop,2025-05-02 00:00:00,,,,
275,PFC Floyd K Lindstrom VA Outpatient Clinic,3141 Centennial Blvd,Colorado Springs,Cookie stop,2025-05-02 00:00:00,,,,
276,Professional Home Health Care,1140 S Eighth St,Colorado Springs,Cookie stop,2025-05-02 00:00:00,,,,
277,The Independence Center,729 S Tejon St,Colorado Springs,Cookie stop,2025-05-02 00:00:00,,,,
278,UCHealth Memorial Hospital Central,1400 E Boulder St,Colorado Springs,Cookie stop,2025-05-02 00:00:00,,,,
279,Pikes Peak Hospice & Palliative Care,2550 Tenderfoot Hill St,Colorado Springs,Cookie stop,2025-05-02 00:00:00,,,,
280,Mountain View Post Acute,835 Tenderfoot Hill Rd,Colorado Springs,Cookie stop,2025-05-02 00:00:00,,,,
281,Summit Home Health Care,1160 Lake Plaza Dr Ste 255,Colorado Springs,Cookie stop,2025-05-02 00:00:00,,,,
282,Colorado Springs Orthopaedic Group,1259 Lake Plaza Dr Unit 100,Colorado Springs,Cookie stop,2025-05-02 00:00:00,,,,
283,Fountain Valley Senior Center,5725 Southmoor Dr,Fountain,Cookie stop,2025-05-02 00:00:00,,,,
284,,1605 S Murray Blvd,Colorado Springs,Cookie stop,2025-05-02 00:00:00,,,,
285,American Legion Post 38,6685 Southmoor Dr,Fountain,Cookie stop,2025-05-02 00:00:00,,,,
286,,2715 Monica Dr W,Colorado Springs,Cookie stop,2025-05-02 00:00:00,,,,
287,Flagship Health,3210 N Academy Blvd Ste 1,Colorado Springs,Cookie stop,2025-05-05 00:00:00,,,,
288,Life Care Center of Colorado Springs,2490 International Cir,Colorado Springs,Cookie stop,2025-05-05 00:00:00,,,,
289,UCHealth Memorial Hospital Central,1400 E Boulder St,Colorado Springs,Cookie stop,2025-05-05 00:00:00,,,,
290,InnovAge Colorado PACE – Central,1414 N Hancock Ave,Colorado Springs,Cookie stop,2025-05-05 00:00:00,,,,
291,Silver Key Senior Services,207 N Nevada Ave,Colorado Springs,Cookie stop,2025-05-05 00:00:00,,,,
292,UCHealth – Memorial Administrative Offices,2222 N Nevada Ave,Colorado Springs,Cookie stop,2025-05-05 00:00:00,,,,
293,Westside Cares,110 W Van Buren St,Colorado Springs,Cookie stop,2025-05-05 00:00:00,,,,
294,,3490 Centennial Blvd,Colorado Springs,Cookie stop,2025-05-05 00:00:00,,,,
295,PFC Floyd K Lindstrom VA Outpatient Clinic,3141 Centennial Blvd,Colorado Springs,Cookie stop,2025-05-05 00:00:00,,,,
296,Professional Home Health Care,1140 S Eighth St,Colorado Springs,Cookie stop,2025-05-05 00:00:00,,,,
297,The Independence Center,729 S Tejon St,Colorado Springs,Cookie stop,2025-05-05 00:00:00,,,,
298,Pikes Peak Hospice & Palliative Care,2550 Tenderfoot Hill St,Colorado Springs,Cookie stop,2025-05-05 00:00:00,,,,
299,Mountain View Post Acute,835 Tenderfoot Hill Rd,Colorado Springs,Cookie stop,2025-05-05 00:00:00,,,,
300,Summit Home Health Care,1160 Lake Plaza Dr Ste 255,Colorado Springs,Cookie stop,2025-05-05 00:00:00,,,,
301,Colorado Springs Orthopaedic Group,1259 Lake Plaza Dr Unit 100,Colorado Springs,Cookie stop,2025-05-05 00:00:00,,,,
302,Fountain Valley Senior Center,5725 Southmoor Dr,Fountain,Cookie stop,2025-05-05 00:00:00,,,,
303,,1605 S Murray Blvd,Colorado Springs,Cookie stop,2025-05-05 00:00:00,,,,
304,American Legion Post 38,6685 Southmoor Dr,Fountain,Cookie stop,2025-05-05 00:00:00,,,,
305,,325 S Parkside Dr,Colorado Springs,Cookie stop,2025-05-08 00:00:00,,,,
306,PFC Floyd K Lindstrom VA Outpatient Clinic,3141 Centennial Blvd,Colorado Springs,Cookie stop,2025-05-08 00:00:00,,,,
307,Optimal Home Care,1115 Elkton Dr,Colorado Springs,Cookie stop,2025-05-08 00:00:00,,,,
308,FirstLight Home Care,910 Pinon Ranch View Ste 211,Colorado Springs,Cookie stop,2025-05-08 00:00:00,,,,
309,,5623 Pulpit Peak View,Colorado Springs,Cookie stop,2025-05-08 00:00:00,,,,
310,Maxim Healthcare Services,7150 Campus Dr Ste 160,Colorado Springs,Cookie stop,2025-05-08 00:00:00,,,,
311,,5426 N Academy Blvd #200,Colorado Springs,Cookie stop,2025-05-08 00:00:00,,,,
312,Gentiva Hospice,6270 Lehman Dr #150,Colorado Springs,Cookie stop,2025-05-08 00:00:00,,,,
313,Better Healthcare,6208 Lehman Dr Unit 201,Colorado Springs,Cookie stop,2025-05-08 00:00:00,,,,
314,Bristol Hospice,7660 Goddard St #100,Colorado Springs,Cookie stop,2025-05-08 00:00:00,,,,
315,CenterCare Home Health,1155 Kelly Johnson Blvd Ste 205,Colorado Springs,Cookie stop,2025-05-08 00:00:00,,,,
316,Corporate Pointe Medical Center,1975 Research Pkwy #300,Colorado Springs,Cookie stop,2025-05-08 00:00:00,,,,
317,Colorado Springs Orthopaedic Group,4110 Briargate Pkwy,Colorado Springs,Cookie stop,2025-05-08 00:00:00,,,,
318,UCHealth Memorial Hospital North,4050 Briargate Pkwy,Colorado Springs,Cookie stop,2025-05-08 00:00:00,,,,
319,Penrose St. Francis Hospital,6001 E Woodmen Rd,Colorado Springs,Cookie stop,2025-05-08 00:00:00,,,,
320,,5850 Championship View,Colorado Springs,Cookie stop,2025-05-08 00:00:00,,,,
321,American Legion Post 209,3613 Jeannine Dr,Colorado Springs,Cookie stop,2025-05-08 00:00:00,,,,
322,Voyager Home Health Care,2233 Academy Pl Ste 105,Colorado Springs,Cookie stop,2025-05-08 00:00:00,,,,
323,,225 W Brookside St,Colorado Springs,Cookie stop,2025-05-08 00:00:00,,,,
324,,1245A Aviation Way,Colorado Springs,Cookie stop,2025-05-09 00:00:00,,,,
325,,825 Citadel Dr E,Colorado Springs,Cookie stop,2025-05-09 00:00:00,,,,
326,,3201 E Platte Ave,Colorado Springs,Cookie stop,2025-05-09 00:00:00,,,,
327,,2771 Stonewall Heights,Colorado Springs,Cookie stop,2025-05-09 00:00:00,,,,
328,,803 E Kiowa St,Colorado Springs,Cookie stop,2025-05-09 00:00:00,,,,
329,Flagship Health,3210 N Academy Blvd Ste 1,Colorado Springs,Cookie stop,2025-05-15 00:00:00,,,,
330,,3027 N Circle Dr,Colorado Springs,Cookie stop,2025-05-15 00:00:00,,,,
331,UCHealth Memorial Hospital Central,1400 E Boulder St,Colorado Springs,Cookie stop,2025-05-15 00:00:00,,,,
332,InnovAge Colorado PACE – Central,1414 N Hancock Ave,Colorado Springs,Cookie stop,2025-05-15 00:00:00,,,,
333,Envida,1514 N Hancock Ave,Colorado Springs,Cookie stop,2025-05-15 00:00:00,,,,
334,Silver Key Senior Services,207 N Nevada Ave,Colorado Springs,Cookie stop,2025-05-15 00:00:00,,,,
335,UCHealth – Memorial Administrative Offices,2222 N Nevada Ave,Colorado Springs,Cookie stop,2025-05-15 00:00:00,,,,
336,Westside Cares,110 W Van Buren St,Colorado Springs,Cookie stop,2025-05-15 00:00:00,,,,
337,,201 N Circle Dr,Colorado Springs,Cookie stop,2025-05-15 00:00:00,,,,
338,UCHealth Memorial Hospital Central,1400 E Boulder St,Colorado Springs,Cookie stop,2025-05-15 00:00:00,,,,
339,PFC Floyd K Lindstrom VA Outpatient Clinic,3141 Centennial Blvd,Colorado Springs,Cookie stop,2025-05-15 00:00:00,,,,
340,The Independence Center,729 S Tejon St,Colorado Springs,Cookie stop,2025-05-15 00:00:00,,,,
341,Pikes Peak Hospice & Palliative Care,2550 Tenderfoot Hill St,Colorado Springs,Cookie stop,2025-05-15 00:00:00,,,,
342,Mountain View Post Acute,835 Tenderfoot Hill Rd,Colorado Springs,Cookie stop,2025-05-15 00:00:00,,,,
343,Colorado Springs Orthopaedic Group,1259 Lake Plaza Dr Unit 100,Colorado Springs,Cookie stop,2025-05-15 00:00:00,,,,
344,Fountain Valley Senior Center,5725 Southmoor Dr,Fountain,Cookie stop,2025-05-16 00:00:00,,,,
345,Voyager Home Health Care,2233 Academy Pl Ste 105,Colorado Springs,Cookie stop,2025-05-16 00:00:00,,,,
346,American Legion Post 209,3613 Jeannine Dr,Colorado Springs,Cookie stop,2025-05-16 00:00:00,,,,
347,,5850 Championship View,Colorado Springs,Cookie stop,2025-05-16 00:00:00,,,,
348,Penrose St. Francis Hospital,6001 E Woodmen Rd,Colorado Springs,Cookie stop,2025-05-16 00:00:00,,,,
349,Flagship Health,3210 N Academy Blvd Ste 1,Colorado Springs,Cookie stop,2025-05-16 00:00:00,,,,
350,The Center at Cordera,9208 Grand Cordera Pkwy,Colorado Springs,Cookie stop,2025-05-16 00:00:00,,,,
351,Colorado Springs Orthopaedic Group,4110 Briargate Pkwy,Colorado Springs,Cookie stop,2025-05-16 00:00:00,,,,
352,UCHealth Memorial Hospital North,4050 Briargate Pkwy,Colorado Springs,Cookie stop,2025-05-16 00:00:00,,,,
353,Corporate Pointe Medical Center,1975 Research Pkwy #300,Colorado Springs,Cookie stop,2025-05-16 00:00:00,,,,
354,Bristol Hospice,7660 Goddard St #100,Colorado Springs,Cookie stop,2025-05-16 00:00:00,,,,
355,,5426 N Academy Blvd #200,Colorado Springs,Cookie stop,2025-05-16 00:00:00,,,,
356,Gentiva Hospice,6270 Lehman Dr #150,Colorado Springs,Cookie stop,2025-05-16 00:00:00,,,,
357,Better Healthcare,6208 Lehman Dr Unit 201,Colorado Springs,Cookie stop,2025-05-16 00:00:00,,,,
358,,5623 Pulpit Peak View,Colorado Springs,Cookie stop,2025-05-16 00:00:00,,,,
359,FirstLight Home Care,910 Pinon Ranch View Ste 211,Colorado Springs,Cookie stop,2025-05-16 00:00:00,,,,
360,Professional Home Health Care,1140 S Eighth St,Colorado Springs,Cookie stop,2025-05-16 00:00:00,,,,
361,Peak Vista Community Health Centers,3225 Austin Bluffs Pkwy Ste 200,Colorado Springs,Cookie stop,2025-05-16 00:00:00,,,,
362,,1625 S Murray Blvd,Colorado Springs,Cookie stop,2025-05-19 00:00:00,,,,
363,,6880 Palmer Park Blvd,Colorado Springs,Cookie stop,2025-05-19 00:00:00,,,,
364,Voyager Home Health Care,2233 Academy Pl Ste 105,Colorado Springs,Cookie stop,2025-05-19 00:00:00,,,,
365,Mountain Ridge Hospice,3204 N Academy Blvd Unit 110,Colorado Springs,Cookie stop,2025-05-19 00:00:00,,,,
366,Complete Home Health Care,3204 N Academy Blvd,Colorado Springs,Cookie stop,2025-05-19 00:00:00,,,,
367,American Legion Post 209,3613 Jeannine Dr,Colorado Springs,Cookie stop,2025-05-19 00:00:00,,,,
368,UCHealth Grandview Hospital,5850 Championship View,Colorado Springs,Cookie stop,2025-05-19 00:00:00,,,,
369,Penrose St. Francis Hospital,6001 E Woodmen Rd,Colorado Springs,Cookie stop,2025-05-19 00:00:00,,,,
370,The Center at Cordera,9208 Grand Cordera Pkwy,Colorado Springs,Cookie stop,2025-05-19 00:00:00,,,,
371,Colorado Springs Orthopaedic Group,4110 Briargate Pkwy,Colorado Springs,Cookie stop,2025-05-19 00:00:00,,,,
372,UCHealth Memorial Hospital North,4050 Briargate Pkwy,Colorado Springs,Cookie stop,2025-05-19 00:00:00,,,,
373,Corporate Pointe Medical Center,1975 Research Pkwy #300,Colorado Springs,Cookie stop,2025-05-19 00:00:00,,,,
374,Bristol Hospice,7660 Goddard St #100,Colorado Springs,Cookie stop,2025-05-19 00:00:00,,,,
375,NurseCore Colorado Springs,5426 N Academy Blvd Unit 110,Colorado Springs,Cookie stop,2025-05-19 00:00:00,,,,
376,Benefit Health Care,5426 N Academy Blvd #200,Colorado Springs,Cookie stop,2025-05-19 00:00:00,,,,
377,Suncrest Hospice,5225 N Academy Blvd #106,Colorado Springs,Cookie stop,2025-05-19 00:00:00,,,,
378,Gentiva Hospice,6270 Lehman Dr #150,Colorado Springs,Cookie stop,2025-05-19 00:00:00,,,,
379,Better Healthcare,6208 Lehman Dr Unit 201,Colorado Springs,Cookie stop,2025-05-19 00:00:00,,,,
380,Humana MarketPOINT,7150 Campus Dr Ste 160,Colorado Springs,Cookie stop,2025-05-19 00:00:00,,,,
381,All Care Home Health,5818 N Nevada Ave Ste 225,Colorado Springs,Cookie stop,2025-05-19 00:00:00,,,,
382,UCHealth Grandview Therapy Center,5623 Pulpit Peak View,Colorado Springs,Cookie stop,2025-05-19 00:00:00,,,,
383,FirstLight Home Care,910 Pinon Ranch View Ste 100,Colorado Springs,Cookie stop,2025-05-19 00:00:00,,,,
384,,2833 E Fountain Blvd,Colorado Springs,Cookie stop,2025-05-19 00:00:00,,,,
1,UCHealth Emergency Room – North Pueblo,4776 Eagleridge Cir,Pueblo,(assumed from ER at this address),2025-05-22 00:00:00,Hospital,,,
2,Pueblo West Primary Care,948 E Spaulding Ave,Pueblo,141 S Purcell Blvd Suite 140 Pueblo West Primary Care,2025-05-22 00:00:00,Clinic,,,
3,[Unknown - Contact Morgan Massman],3676 Parker Blvd,Pueblo,"Will not accept cards, brochures or cookies - Morgan Massman ext 4927",2025-05-22 00:00:00,,No materials accepted,Morgan Massman,
4,Pueblo Pathology Group,3727 Parker Blvd,Pueblo,(assumed from building occupancy),2025-05-22 00:00:00,Doctor Office,,,
5,Maxim Healthcare,3691 Parker Blvd,Pueblo,Josh is executive administrator and super helpful,2025-05-22 00:00:00,Healthcare,Great contact,Josh,
6,Life Care Center of Pueblo,2118 Chatalet Ln,Pueblo,,2025-05-22 00:00:00,Care Center,,,
7,Pueblo Community Health Center – East Side,2611 Jones Ave,Pueblo,(known CHC clinic),2025-05-22 00:00:00,Clinic,,,
8,American Legion Post 2,1310 N Chester Ave,Pueblo,,2025-05-22 00:00:00,American Legion,,,
9,Pueblo Cooperative Care Center,921 W 13th St,Pueblo,Find the right address,2025-05-22 00:00:00,Care Center,Verify location,,
10,Sangre de Cristo Community Health,400 W 16th St,Pueblo,,2025-05-22 00:00:00,Clinic,,,
11,St. Mary-Corwin Medical Center (Outpatient),1600 N Grand Ave,Pueblo,,2025-05-22 00:00:00,Hospital,,,
12,The Oasis Assisted Living,2600 Oakshire Ln,Pueblo,,2025-05-22 00:00:00,Senior Living,,,
13,Belmont Lodge Health Care Center,1601 Constitution Rd,Pueblo,,2025-05-22 00:00:00,Care Center,,,
14,Desert Flower Apartments – Senior Living,945 Desertflower Blvd,Pueblo,,2025-05-22 00:00:00,Senior Living,,,
15,Ascension Living Center @ FCP,724 E Fourth St,Pueblo,,2025-05-22 00:00:00,Care Center,,,
1,Springs Recovery Connection,325 S Parkside Dr,Colorado Springs,,2025-05-23,Clinic,,,
2,,2704 E Fountain Blvd,Colorado Springs,Treat stop only,2025-05-23,,No follow-up,,
3,Life Care Center of Colorado Springs,2490 International Cir,Colorado Springs,,2025-05-23,Care Center,,,
4,Advanced Health Care of Colorado Springs,55 S Parkside Dr,Colorado Springs,,2025-05-23,Care Center,,,
5,Touch of Care Home Health,2420 E Pikes Peak Ave,Colorado Springs,Inferred from registry listings,2025-05-23,Home Health,,,
6,Flagship Health,"3210 N Academy Blvd, Ste 1",Colorado Springs,,2025-05-23,VA / Clinic,,,
7,Colorado Springs Orthopaedic Group,4110 Briargate Pkwy,Colorado Springs,,2025-05-23,Orthopedic Clinic,,,
8,Encompass Health Rehabilitation Hospital,"1155 Kelly Johnson Blvd, Ste 205",Colorado Springs,,2025-05-23,Rehab Hospital,,,
9,Compassus Hospice,"4775 Centennial Blvd, Unit 160",Colorado Springs,,2025-05-23,Hospice,,,
10,Brookdale Skyline,3490 Centennial Blvd,Colorado Springs,,2025-05-23,Senior Living,,,
11,PFC Floyd K Lindstrom VA Outpatient Clinic,3141 Centennial Blvd,Colorado Springs,,2025-05-23,VA Clinic,,,
12,Westside Cares,110 W Van Buren St,Colorado Springs,,2025-05-23,Social Services,,,
13,UCHealth – Memorial Admin Offices,2222 N Nevada Ave,Colorado Springs,,2025-05-23,Hospital Admin,,,
14,InnovAge Colorado PACE – Central,1414 N Hancock Ave,Colorado Springs,,2025-05-23,PACE / Senior Care,,,
15,UCHealth Memorial Hospital Central,1400 E Boulder St,Colorado Springs,,2025-05-23,Hospital,,,
1,[Unknown – Front Desk Debbie],1625 S Murray Blvd,Colorado Springs,Debbie is one of receptionists,2025-05-28,Clinic?,,,
2,[Unknown],6880 Palmer Park Blvd,Colorado Springs,,2025-05-28,,,,
3,Accord Home Health,"2233 Academy Pl, Ste 105",Colorado Springs,Inferred from registry and history,2025-05-28,Home Health,,,
4,Complete Home Health Care,"3204 N Academy Blvd, Unit 110",Colorado Springs,Shared building with old location,2025-05-28,Home Health,,,
5,Complete Home Health Care (Old Location),3204 N Academy Blvd,Colorado Springs,Map still references old listing,2025-05-28,Home Health,,,
6,Flagship Health,"3210 N Academy Blvd, Ste 1",Colorado Springs,,2025-05-28,VA / Clinic,,,
7,Mountain Ridge Hospice,3613 Jeannine Dr,Colorado Springs,"Closed 5/28, Go back",2025-05-28,Hospice,Go back,,
8,Life Quality Homes,5850 Championship View,Colorado Springs,Inferred from business registry,2025-05-28,Senior Living,,,
9,Penrose St. Francis Rehab / UCHealth,6001 E Woodmen Rd,Colorado Springs,,2025-05-28,Hospital,,,
10,HomeGoods [Not Target Facility],3830 Bloomington St,Colorado Springs,Treat stop only,2025-05-28,,No follow-up,,
11,The Center at Cordera,9208 Grand Cordera Pkwy,Colorado Springs,,2025-05-28,Care Center,,,
12,Colorado Springs Orthopaedic Group – Floor 1,4110 Briargate Pkwy,Colorado Springs,Rehab / PT services,2025-05-28,Clinic,,,
13,Colorado Springs Orthopaedic Group – Floor 3,4110 Briargate Pkwy,Colorado Springs,Admin / specialists,2025-05-28,Clinic,,,
14,UCHealth – Memorial Hospital North,4050 Briargate Pkwy,Colorado Springs,,2025-05-28,Hospital,,,
15,Encompass Health Rehab Hospital,"1975 Research Pkwy, #300",Colorado Springs,,2025-05-28,Rehab Hospital,,,
16,Peak View Behavioral Health,"7660 Goddard St, #100",Colorado Springs,,2025-05-28,Mental Health,,,
17,Peak Vista Community Health – Admin,"5426 N Academy Blvd, #200",Colorado Springs,,2025-05-28,Clinic / Admin,,,
18,Peak Vista Community Health – Front Entrance,"5426 N Academy Blvd, Unit 110",Colorado Springs,,2025-05-28,Clinic,,,
19,Synergy HomeCare,"6270 Lehman Dr, #150",Colorado Springs,,2025-05-28,Home Care,,,
1,DAV (Disabled American Veterans),4776 Eagleridge Cir,Pueblo,,—,,2025-05-29,Veterans,
2,Pueblo West Primary Care,141 S Purcell Blvd,Pueblo,,—,,2025-05-29,Clinic,
3,"[Nellie, P.A./Dr. Office]",3676 Parker Blvd,Pueblo,,Bring basket next time,2025-05-29,Clinic,,Nellie
4,[Physician Offices],3727 Parker Blvd,Pueblo,,—,,2025-05-29,Doctor Office,
5,Maxim Healthcare,3691 Parker Blvd,Pueblo,,—,,2025-05-29,Healthcare,
6,Life Care Center,2118 Chatalet Ln,Pueblo,,—,,2025-05-29,Care Center,
7,[Unknown],2611 Jones Ave,Pueblo,,—,,2025-05-29,,
8,[Closed / Relocated],201 E Adams Ave,Pueblo,,"Closed, new location?",2025-05-29,,Yes,
9,[Locked / No Answer],2420 Santa Fe Dr,Pueblo,,Left brochures,2025-05-29,,Yes,
10,[Locked / No Answer],724 E Fourth St,Pueblo,,Left brochures,2025-05-29,,Yes,
11,[Closed / Moved],1310 N Chester Ave,Pueblo,,Nothing here,2025-05-29,,Yes,
12,[Private Residence],921 W 13th St,Pueblo,,Not a stop. Remove,2025-05-29,,Remove,
13,Parkview Medical Center,400 W 16th St,Pueblo,,Will not accept brochures,2025-05-29,Hospital,No materials accepted,
14,Castillo Primary Care,1401 Anita St,Pueblo,,—,,2025-05-29,Clinic,
15,VA Community Living Center,2600 Oakshire Ln,Pueblo,,Tammy & Brandon are key contacts,2025-05-29,VA,Meet Tammy & Brandon,Tammy & Brandon
16,[Unknown],1601 Constitution Rd,Pueblo,,—,,2025-05-29,,
17,[Unknown],945 Desertflower Blvd,Pueblo,,—,,2025-05-29,,
18,[Unknown],2400 Oakshire Ln,Pueblo,,—,,2025-05-29,,
1,American Legion Post 38,6685 Southmoor Dr,Fountain,,—,,2025-05-29,American Legion,
2,[Medical Office],5725 Southmoor Dr,Fountain,,—,,2025-05-29,Clinic,
3,[Medical Office],"1259 Lake Plaza Dr, Unit 100",Colorado Springs,—,,2025-05-29,Doctor Office,,
4,[Medical Office],"1160 Lake Plaza Dr, Ste 255",Colorado Springs,—,,2025-05-29,Doctor Office,,
5,[Medical Office],2550 Tenderfoot Hill St,Colorado Springs,—,,2025-05-29,Doctor Office,,
6,[Medical Office],835 Tenderfoot Hill Rd,Colorado Springs,—,,2025-05-29,Doctor Office,,
7,American Legion Post 5,15 E Platte Ave,Colorado Springs,—,,2025-05-29,American Legion,,
8,Colorado Springs Senior Center,207 N Nevada Ave,Colorado Springs,—,,2025-05-29,Senior Center,,
9,[Unknown],110 W Van Buren St,Colorado Springs,—,,2025-05-29,,,
10,[Medical Office],3490 Centennial Blvd,Colorado Springs,—,,2025-05-29,Clinic,,
1,Private Residence or Unknown,3830 Bloomington St,Colorado Springs,,,,,,
2,Humana Neighborhood Center,"5225 N Academy Blvd, #106",Colorado Springs,,,,,,
3,Caring Senior Service,"6208 Lehman Dr, Unit 201",Colorado Springs,,,,,,
4,Enhabit Home Health & Hospice,"1155 Kelly Johnson Blvd, Ste 205",Colorado Springs,,,,,,
5,BrightStar Care,"5818 N Nevada Ave, Ste 225",Colorado Springs,,,,,,
6,Private Residence,5623 Pulpit Peak View,Colorado Springs,,,,,,
7,The Healthcare Resort of Colorado Springs,"910 Pinon Ranch View, Ste 100",Colorado Springs,,,,,,
8,Pikes Peak Hospice Foundation,"4775 Centennial Blvd, Unit 160",Colorado Springs,,,,,,
9,Brookdale Skyline or adjacent medical,3141 Centennial Blvd,Colorado Springs,,,,,,
10,Colorado Springs Cardiology / UCHealth affiliate,2222 N Nevada Ave,Colorado Springs,,,,,,
11,Alan R Simpson Veterans Home,1414 N Hancock Ave,Colorado Springs,,,,,,
12,Comfort Keepers or local care agency,"1120 N Circle Dr, Ste 7",Colorado Springs,,,,,,
13,Sangre de Cristo Community Health,2420 E Pikes Peak Ave,Colorado Springs,,,,,,
14,Advanced Health Care of Colorado Springs,55 S Parkside Dr,Colorado Springs,,,,,,
15,Life Care Center of Colorado Springs,2490 International Cir,Colorado Springs,,,,,,
16,Parkside Medical Plaza,325 S Parkside Dr,Colorado Springs,,,,,,
17,UCHealth Memorial Hospital Central,1400 E Boulder St,Colorado Springs,,,,,,
18,Professional Home Health Care,1140 S Eighth St,Colorado Springs,,,,,,
1,Life Care Center of Stonegate,15720 Garden Plaza Dr,Parker,,,,,,
2,Center At Lincoln,12230 Lioness Way,Parker,,,,,,
3,Wind Crest,3235 Mill Vista Rd,Littleton,,,,,,
4,Littleton Care And Rehabilitation Center,5822 S Lowell Way,Littleton,,,,,,
5,Hallmark Nursing Center,3701 W Radcliff Ave,Denver,,,,,,
6,Cherrelyn Healthcare Center,5555 S Elati St,Littleton,,,,,,
7,Colorado Rehabilitation & Occupational Medicine,"20 W Dry Creek Cir, Ste 310",Littleton,,,,,,
8,Encompass Health Rehab Hosp Of Littleton,1001 W Mineral Ave,Littleton,,,,,,
9,Life Care Centers of America,1500 W Mineral Ave,Littleton,,,,,,
10,,2750 Classic Dr,Highlands Ranch,,,,,,
11,VFW (Veterans of Foreign Wars),"6494 Silver Mesa Dr, Unit A",Littleton,,,,,,
12,Villas at Highland Park,8914 E Nichols Pl,Englewood,,,,,,
13,Reunion Rehab Hospital Inver,372 Inverness Dr S,Englewood,,,,,,
14,Suites Parker The,9398 Crown Crest Blvd,Parker,,,,,,
1,,Denver CO,Denver,,,,,,
2,,Greenwood Village CO,Greenwood Village,,,,,,
3,,1501 S Potomac St,Aurora,,,,,,
4,Surgical Consultants of Aurora,"1421 S Potomac St, Ste 220",Aurora,,,,,,
5,Optum Aurora Family Medicine Center,1421 Pontiac St,Denver,,,,,,
6,Rocky Mountain Spine Clinic,1411 S Potomac St,Aurora,,,,,,
7,Rowan Community Inc,4601 E Asbury Cir,Denver,,,,,,
8,Amberwood Post Acute,4686 E Asbury Cir,Denver,,,,,,
9,Brookshire House Rehabilitation And Care Community,4660 E Asbury Cir,Denver,,,,,,
10,Highline Post Acute,6060 E Iliff Ave,Denver,,,,,,
11,Holly Heights Care Center,6000 E Iliff Ave,Denver,,,,,,
12,Aspen Siesta,5353 E Yale Ave,Denver,,,,,,
13,Suites At Clermont Park Care Center,2480 S Clermont St,Denver,,,,,,
1,,4500 E Ninth Ave,Denver,,,,,,
2,Ninth Ave Internal Medicine,4500 E Ninth Ave,Denver,,,,,,
3,Ascent Family Practice,4500 E Ninth Ave,Denver,,,,,,
4,New West Physicians Internal Medicine,4500 E Ninth Ave,Denver,,,,,,
5,,"4500 E Ninth Ave, Ste 450",Denver,,,,,,
6,Colorado Family Medicine,4500 E Ninth Ave,Denver,,,,,,
7,,"4500 E Ninth Ave, Ste 560",Denver,,,,,,
8,,4500 E Ninth Ave,Denver,,,,,,
9,MedNow Clinics,4567 E Ninth Ave,Denver,,,,,,
1,Dollar Tree,2223 S Monaco St Pkwy,Denver,,,,,,
2,,4567 E Ninth Ave,Denver,,,,,,
3,,"4500 E Ninth Ave, Ste 560",Denver,,,,,,
4,,1400 Jackson St,Denver,,,,,,
5,,1667 St. Paul Street,Denver,,,,,,
6,Midtown Surgical Center,1919 E 18th Ave,Denver,,,,,,
7,,1920 N High St,Denver,,,,,,
8,,1375 E 19th Ave,Denver,,,,,,
9,,2201 N Downing St,Denver,,,,,,
10,,"1601 E 19th Ave, Ste 6000",Denver,,,,,,
11,,1440 Vine St,Denver,,,,,,
1,Rose Medical Center,"4567 E 9th Ave, Denver, CO 80220",Denver,Hospital,Yes,Yes,,,
2,Rose Medical Plaza II,"4700 E Hale Pkwy, Denver, CO 80220",Denver,Medical Office,Yes,No,,,
3,HealthONE Rose Women's Hospital,"4700 Hale Pkwy #500, Denver, CO 80220",Denver,Women's Health,Yes,No,,,
4,Rocky Mountain Cancer Centers,"4700 Hale Pkwy #400, Denver, CO 80220",Denver,Cancer Center,Yes,No,,,
5,Porter Hospice at Johnson Center,"5020 E Arapahoe Rd, Littleton, CO 80122",Littleton,Hospice,Yes,No,,,
1,Suites At Clermont Park Care Center,"2480 S Clermont St, Denver, CO 80222",Denver,SUCCESS,,,,,
2,South Valley Post Acute Rehabilitation,"4450 E Jewell Ave, Denver, CO 80222",Denver,SUCCESS,,,,,
3,Rowan Community Inc,"4601 E Asbury Cir, Denver, CO 80222",Denver,SUCCESS,,,,,
4,Amberwood Post Acute,"4686 E Asbury Cir, Denver, CO 80222",Denver,SUCCESS,,,,,
5,Brookshire House Rehabilitation And Care Community,"4660 E Asbury Cir, Denver, CO 80222",Denver,SUCCESS,,,,,
6,Highline Post Acute,"6060 E Iliff Ave, Denver, CO 80222",Denver,SUCCESS,,,,,
7,Holly Heights Care Center,"6000 E Iliff Ave, Denver, CO 80222",Denver,SUCCESS,,,,,
8,Aspen Siesta,"5353 E Yale Ave, Denver, CO 80222",Denver,SUCCESS,,,,,
1,Clermont Park Center,"2479 S Clermont St, Denver, CO 80222",Denver,SUCCESS,,,,,
2,Brookdale Mountain View,"4500 E Dartmouth Ave, Denver, CO 80222",Denver,SUCCESS,,,,,
3,Rosemark Senior Living,"4855 S Niagara St, Denver, CO 80237",Denver,SUCCESS,,,,,
4,Rose Medical Center,"4567 E Ninth Ave, Denver, CO 80220",Denver,SUCCESS,,,,,
5,National Jewish Health,"1400 Jackson St, Denver, CO 80206",Denver,SUCCESS,,,,,
1,Panorama Orthopedics & Spine Center,"4900 S Monaco St, Denver, CO 80237",Denver,SUCCESS,,,,,
2,Artesia Assisted Living Residence – Arkansas,"3105 W Arkansas Ave, Denver, CO 80219",Denver,SUCCESS,,,,,
3,Artesia Assisted Living Residence – Arkansas East,"3185 W Arkansas Ave, Denver, CO 80219",Denver,SUCCESS,,,,,
4,Garden Terrace Alzheimers Center of Excellence,"5110 Morrison Rd, Denver, CO 80219",Denver,SUCCESS,,,,,
5,Sloan’s Lake Rehabilitation Center,"1601 Lowell Blvd, Denver, CO 80204",Denver,SUCCESS,,,,,
6,Denver Health – Outpatient Behavioral Health Services,"2201 N Downing St, Denver, CO 80205",Denver,SUCCESS,,,,,
7,St Joseph Hospital – Medical Offices Pavilion,"1601 E 19th Ave Ste 6000, Denver, CO 80218",Denver,SUCCESS,,,,,
8,HealthONE – Colorado Pulmonary Specialists,"301 S Harrison St, Denver, CO 80209",Denver,SUCCESS,,,,,
9,Monaco Park Health and Rehabilitation Center,"290 S Monaco St Pkwy, Denver, CO 80224",Denver,SUCCESS,,,,,
10,American Legion Post 1 – Lowry,"7465 E First Ave, Denver, CO 80230",Denver,SUCCESS,,,,,
11,Garden Terrace Care Center at Mississippi,"8101 E Mississippi Ave, Denver, CO 80247",Denver,SUCCESS,,,,,
12,Cherry Creek Nursing Center,"2440 S Wabash St, Denver, CO 80231",Denver,SUCCESS,,,,,
13,Garden Terrace Care Center at Roslyn,"2500 S Roslyn St, Denver, CO 80231",Denver,SUCCESS,,,,,
14,American Legion Post 1 – Yale,"5400 E Yale Ave, Denver, CO 80222",Denver,SUCCESS,,,,,
1,Woodland Hills Senior Living,"2500 S Roslyn St, Denver, CO 80231",Denver,SUCCESS,,,,,
2,Colorado Visiting Nurse Association,"1950 S Quebec St, Denver, CO 80231",Denver,SUCCESS,,,,,
3,Sandstone Care Recovery Center,"4650 Central Park Blvd, Denver, CO 80238",Denver,SUCCESS,,,,,
4,Denver Recovery Group,"1440 Vine St, Denver, CO 80206",Denver,SUCCESS,,,,,
5,Center at Lincoln,"1000 Lincoln St, Denver, CO 80203",Denver,SUCCESS,,,,,
6,Artesia Assisted Living – West Arkansas,"3105 W Arkansas Ave, Denver, CO 80219",Denver,SUCCESS,,,,,
7,Artesia Assisted Living – East Arkansas,"3185 W Arkansas Ave, Denver, CO 80219",Denver,SUCCESS,,,,,
8,Garden Terrace Alzheimer’s Center of Excellence,"3701 W Radcliff Ave, Denver, CO 80236",Denver,SUCCESS,,,,,
9,Autumn Heights Health Care Center,"3131 S Federal Blvd, Denver, CO 80236",Denver,SUCCESS,,,,,
10,Bella Vita Senior Living,"2190 S Platte River Dr, Denver, CO 80223",Denver,SUCCESS,,,,,
11,University Hills Internal Medicine,"2100 S Josephine St, Denver, CO 80210",Denver,SUCCESS,,,,,
12,Highline Post Acute,"6060 E Iliff Ave, Denver, CO 80222",Denver,SUCCESS,,,,,
13,Holly Heights Care Center,"6000 E Iliff Ave, Denver, CO 80222",Denver,SUCCESS,,,,,
14,American Legion Post 1,"5400 E Yale Ave, Denver, CO 80222",Denver,SUCCESS,,,,,
1,Emergency Room,02 Amberwood Post,Colorado Springs,,,,,,
4,Healthcare Facility,5631 E Cornell Ave,Colorado Springs,,,,,,
5,Emergency Room,2480 S Clermont St,Colorado Springs,,,,,,
6,Healthcare Facility,4450 E Jewell Ave,Colorado Springs,,,,,,
7,Healthcare Facility,6060 E Iliff Ave,Colorado Springs,,,,,,
8,Healthcare Facility,6000 E Iliff Ave,Colorado Springs,,,,,,
9,Healthcare Facility,5353 E Yale Ave,Colorado Springs,,,,,,
10,Healthcare Facility,1421 Pontiac St,Colorado Springs,,,,,,
11,Healthcare Facility,1411 S Potomac St,Colorado Springs,,,,,,
12,Emergency Room,5631 E Cornell Ave,Denver,,,,,,
,Monaco Healthcare Center,,Colorado Springs,ETA 11:19 AM 12m 4.46 mi.,,,,,
,Arkansas Healthcare Center,,Colorado Springs,ETA 12:15 PM 24m 11.05 mi.,,,,,
,Arkansas Healthcare Center,,Colorado Springs,ETA 12:55 PM 1m 0.12 mi.,,,,,
,Morrison Healthcare Center,,Colorado Springs,ETA 1:17 PM 6m 2.11 mi.,,,,,
,Lowell Healthcare Center,,Colorado Springs,ETA 1:54 PM 11m 4.31 mi.,,,,,
,Downing Healthcare Center,,Colorado Springs,ETA 1:56 PM 12m 4.22 mi.,,,,,
,Harrison Healthcare Center,,Colorado Springs,ETA 2:44 PM 9m 4.08 mi.,,,,,
,Monaco Healthcare Center,,Colorado Springs,ETA 3:27 PM 4m 1.66 mi.,,,,,
,First Healthcare Center,,Colorado Springs,SUCCESS 3:23 PM,,,,,
,Mississippi,,Colorado Springs,ETA 3:29 PM 6m 1.96 mi.,,,,,
,Wabash Healthcare Facility,,Colorado Springs,ETA 4:46 PM 8m 3.64 mi.,,,,,
,Roslyn Healthcare Facility,,Colorado Springs,ETA 4:41 PM 3m 1.05 mi.,,,,,
,Cornell Healthcare Facility,,Colorado Springs,,,,,,
,Ninth Healthcare Facility,,Colorado Springs,,,,,,
,High Healthcare Facility,,Colorado Springs,,,,,,
,High Healthcare Facility,,Colorado Springs,,,,,,
,Uinta Healthcare Facility,,Colorado Springs,,,,,,
,Quebec Healthcare Facility,,Colorado Springs,SKIPPED,,,,,
,Vine Healthcare Facility,,Colorado Springs,,,,,,
,Lincoln Healthcare Facility,,Colorado Springs,SKIPPED,,,,,
,Little Raven,,Colorado Springs,,,,,,
,Josephine Healthcare Facility,,Colorado Springs,,,,,,
,Josephine Healthcare Facility,,Colorado Springs,,,,,,
,Iliff Healthcare Facility,,Colorado Springs,,,,,,
,Iliff Healthcare Facility,,Colorado Springs,,,,,,
,Jewell Healthcare Facility,,Colorado Springs,,,,,,
,Emergency Room,,Colorado Springs,,,,,,
,Radcliff Healthcare Facility,,Colorado Springs,,,,,,
,Downing Healthcare Center,,Colorado Springs,,,,,,
,Central Park,,Colorado Springs,,,,,,
,Emergency Room,,Denver,"From: 5631 E Cornell Ave, Denver CO 80222, United States Departure Time: October 14, 2025 11:07 AM To: 5631 E Cornell Ave, Denver CO 80222, United States Arrive Time: October 14, 2025 5:22 PM Done Success Failed Travel Time Est. Distance",,,,,